portfolio_id,portfolio_name,user_id,total_value,cash_balance,invested_value,current_drift,drift_threshold,last_rebalance_date,days_since_rebalance,risk_score,risk_level,sharpe_ratio,var_95_1day,beta,volatility_annual,max_drawdown,correlation_score,rebalance_status,alerts_count,created_date,updated_date
PORT-001,Main Investment Portfolio,USER-001,524830.00,12450.00,512380.00,5.20,5.00,2025-12-28,46,72,Moderate,1.42,-2.30,0.98,12.30,-8.20,0.65,Recommended,3,2024-01-15,2026-02-12
PORT-002,Retirement 401k,USER-001,248500.00,5200.00,243300.00,1.20,5.00,2026-01-15,28,84,Conservative,1.58,-1.80,0.75,9.80,-5.40,0.58,Good,0,2024-01-15,2026-02-12
PORT-003,College Savings 529,USER-001,87200.00,2100.00,85100.00,0.80,5.00,2026-02-01,11,88,Conservative,1.65,-1.50,0.68,8.20,-4.10,0.52,Good,0,2024-06-10,2026-02-12
PORT-004,Active Trading Account,USER-001,42100.00,8500.00,33600.00,12.30,8.00,2025-11-20,84,58,Aggressive,1.18,-4.20,1.35,18.70,-15.80,0.82,Critical,5,2024-09-01,2026-02-12
PORT-005,Traditional IRA,USER-001,185300.00,3200.00,182100.00,3.50,5.00,2026-01-05,38,76,Moderate,1.52,-2.00,0.88,11.50,-6.80,0.78,Good,1,2023-03-20,2026-02-12
PORT-006,Roth IRA,USER-001,92800.00,1800.00,91000.00,2.10,5.00,2025-12-15,59,68,Moderate,1.35,-2.80,1.05,14.80,-9.50,0.88,Good,0,2023-07-01,2026-02-12
PORT-007,Emergency Fund,USER-001,25000.00,15000.00,10000.00,0.00,2.00,2026-01-01,42,95,Very Conservative,0.85,-0.20,0.05,1.50,-0.50,0.15,Good,0,2024-11-01,2026-02-12
PORT-008,Growth Portfolio,USER-002,1250000.00,45000.00,1205000.00,6.80,5.00,2025-11-30,74,65,Aggressive,1.28,-3.50,1.15,16.20,-12.50,0.91,Recommended,4,2020-01-05,2026-02-12
PORT-009,Income Portfolio,USER-002,580000.00,12000.00,568000.00,4.20,5.00,2026-01-10,33,78,Moderate,1.48,-2.10,0.82,10.50,-7.20,0.72,Good,2,2021-05-15,2026-02-12
PORT-010,Tech Sector Fund,USER-003,325000.00,8000.00,317000.00,8.50,7.00,2025-12-01,73,62,Aggressive,1.22,-3.80,1.28,17.50,-14.20,0.94,Recommended,3,2023-02-10,2026-02-12
