allocation_id,portfolio_id,asset_class,target_percentage,sub_allocations,drift_tolerance,rebalance_band_lower,rebalance_band_upper,allocation_strategy,last_updated
ALLOC-001,PORT-001,US Equity,30.00,"{""Large Cap"": 18.0, ""Mid Cap"": 7.5, ""Small Cap"": 4.5}",5.00,25.00,35.00,Strategic,2025-01-15
ALLOC-002,PORT-001,International Equity,20.00,"{""Developed Markets"": 12.0, ""Emerging Markets"": 8.0}",5.00,15.00,25.00,Strategic,2025-01-15
ALLOC-003,PORT-001,Bonds,30.00,"{""Government"": 15.0, ""Corporate IG"": 10.0, ""High Yield"": 5.0}",5.00,25.00,35.00,Strategic,2025-01-15
ALLOC-004,PORT-001,REITs,10.00,"{""Residential"": 4.0, ""Commercial"": 3.5, ""Industrial"": 2.5}",5.00,5.00,15.00,Strategic,2025-01-15
ALLOC-005,PORT-001,Commodities,5.00,"{""Gold"": 3.0, ""Energy"": 1.5, ""Agriculture"": 0.5}",5.00,0.00,10.00,Tactical,2025-01-15
ALLOC-006,PORT-001,Cash,5.00,"{}",3.00,2.00,8.00,Tactical,2025-01-15
ALLOC-007,PORT-002,US Equity,30.00,"{""Large Cap"": 25.0, ""Mid Cap"": 5.0}",5.00,25.00,35.00,Strategic,2024-01-15
ALLOC-008,PORT-002,International Equity,40.00,"{""Developed Markets"": 25.0, ""Emerging Markets"": 15.0}",5.00,35.00,45.00,Strategic,2024-01-15
ALLOC-009,PORT-002,Bonds,20.00,"{""Government"": 15.0, ""Corporate IG"": 5.0}",5.00,15.00,25.00,Strategic,2024-01-15
ALLOC-010,PORT-002,Cash,10.00,"{}",3.00,5.00,15.00,Tactical,2024-01-15
ALLOC-011,PORT-003,US Equity,90.00,"{""Total Market"": 90.0}",10.00,80.00,100.00,Aggressive,2024-06-10
ALLOC-012,PORT-003,Bonds,10.00,"{""Total Market"": 10.0}",5.00,5.00,15.00,Strategic,2024-06-10
ALLOC-013,PORT-004,US Equity,70.00,"{""Technology"": 50.0, ""Consumer"": 20.0}",15.00,55.00,85.00,Aggressive,2024-09-01
ALLOC-014,PORT-004,Cash,30.00,"{}",10.00,20.00,40.00,Tactical,2024-09-01
ALLOC-015,PORT-005,US Equity,60.00,"{""Total Market"": 60.0}",5.00,55.00,65.00,Growth,2023-03-20
ALLOC-016,PORT-005,Bonds,35.00,"{""Government"": 25.0, ""Corporate"": 10.0}",5.00,30.00,40.00,Strategic,2023-03-20
ALLOC-017,PORT-005,REITs,5.00,"{""Diversified"": 5.0}",3.00,2.00,8.00,Tactical,2023-03-20
ALLOC-018,PORT-006,US Equity,70.00,"{""Large Cap"": 70.0}",7.00,63.00,77.00,Growth,2023-07-01
ALLOC-019,PORT-006,International Equity,15.00,"{""Developed Markets"": 15.0}",5.00,10.00,20.00,Strategic,2023-07-01
ALLOC-020,PORT-006,Bonds,15.00,"{""Total Market"": 15.0}",5.00,10.00,20.00,Strategic,2023-07-01
ALLOC-021,PORT-007,Cash,100.00,"{""Treasury"": 40.0, ""Federal"": 60.0}",5.00,95.00,100.00,Conservative,2024-11-01
ALLOC-022,PORT-008,US Equity,75.00,"{""Large Cap"": 25.0, ""Technology"": 50.0}",7.00,68.00,82.00,Aggressive,2020-01-05
ALLOC-023,PORT-008,International Equity,10.00,"{""Developed Markets"": 10.0}",5.00,5.00,15.00,Strategic,2020-01-05
ALLOC-024,PORT-008,Bonds,10.00,"{""Total Market"": 10.0}",5.00,5.00,15.00,Strategic,2020-01-05
ALLOC-025,PORT-008,Cash,5.00,"{}",3.00,2.00,8.00,Tactical,2020-01-05
ALLOC-026,PORT-009,US Equity,60.00,"{""Dividend Stocks"": 60.0}",5.00,55.00,65.00,Income,2021-05-15
ALLOC-027,PORT-009,Bonds,25.00,"{""Government"": 25.0}",5.00,20.00,30.00,Strategic,2021-05-15
ALLOC-028,PORT-009,REITs,10.00,"{""Diversified"": 10.0}",3.00,7.00,13.00,Income,2021-05-15
ALLOC-029,PORT-009,International Equity,5.00,"{""Developed Markets"": 5.0}",3.00,2.00,8.00,Tactical,2021-05-15
ALLOC-030,PORT-010,US Equity,85.00,"{""Technology"": 85.0}",10.00,75.00,95.00,Sector,2023-02-10
ALLOC-031,PORT-010,Cash,15.00,"{}",5.00,10.00,20.00,Tactical,2023-02-10
