holding_id,portfolio_id,ticker,company_name,asset_class,sector,quantity,average_cost,current_price,market_value,cost_basis,unrealized_gain,unrealized_gain_pct,current_allocation_pct,target_allocation_pct,drift_pct,drift_status,recommended_action,recommended_shares,dividend_yield,last_updated
HOLD-001,PORT-001,AAPL,Apple Inc.,US Equity,Technology,125.00,165.50,182.45,22806.25,20687.50,2118.75,10.24,4.35,3.00,1.35,Warning,SELL,-28,0.52,2026-02-12 15:30:00
HOLD-002,PORT-001,MSFT,Microsoft Corporation,US Equity,Technology,85.00,380.20,412.30,35045.50,32317.00,2728.50,8.44,6.68,5.00,1.68,Warning,SELL,-17,0.78,2026-02-12 15:30:00
HOLD-003,PORT-001,BND,Vanguard Total Bond Market ETF,Bonds,Fixed Income,320.00,72.80,70.25,22480.00,23296.00,-816.00,-3.50,4.28,6.00,-1.72,Warning,BUY,78,3.25,2026-02-12 15:30:00
HOLD-004,PORT-001,VWO,Vanguard FTSE Emerging Markets ETF,International Equity,Emerging Markets,450.00,41.20,39.80,17910.00,18540.00,-630.00,-3.40,3.41,5.00,-1.59,Warning,BUY,212,2.85,2026-02-12 15:30:00
HOLD-005,PORT-001,VEA,Vanguard FTSE Developed Markets ETF,International Equity,Developed Markets,580.00,48.90,51.25,29725.00,28362.00,1363.00,4.81,5.66,5.00,0.66,Safe,HOLD,0,2.45,2026-02-12 15:30:00
HOLD-006,PORT-001,VNQ,Vanguard Real Estate ETF,REITs,Real Estate,235.00,88.50,91.20,21432.00,20797.50,634.50,3.05,4.08,5.00,-0.92,Safe,BUY,52,3.82,2026-02-12 15:30:00
HOLD-007,PORT-001,GLD,SPDR Gold Trust,Commodities,Precious Metals,75.00,178.90,185.20,13890.00,13417.50,472.50,3.52,2.65,2.50,0.15,Safe,HOLD,0,0.00,2026-02-12 15:30:00
HOLD-008,PORT-001,GOOGL,Alphabet Inc.,US Equity,Technology,95.00,138.75,145.80,13851.00,13181.25,669.75,5.08,2.64,2.00,0.64,Safe,HOLD,0,0.00,2026-02-12 15:30:00
HOLD-009,PORT-001,JNJ,Johnson & Johnson,US Equity,Healthcare,165.00,158.20,162.50,26812.50,26103.00,709.50,2.72,5.11,4.00,1.11,Warning,SELL,-29,2.95,2026-02-12 15:30:00
HOLD-010,PORT-001,PG,Procter & Gamble Co.,US Equity,Consumer Staples,125.00,145.80,152.30,19037.50,18225.00,812.50,4.46,3.63,3.00,0.63,Safe,HOLD,0,2.48,2026-02-12 15:30:00
HOLD-011,PORT-002,VFIAX,Vanguard 500 Index Fund,US Equity,Large Cap,185.00,385.50,412.80,76368.00,71317.50,5050.50,7.08,30.72,30.00,0.72,Safe,HOLD,0,1.48,2026-02-12 15:30:00
HOLD-012,PORT-002,VBTLX,Vanguard Total Bond Market Index,Bonds,Government,4250.00,10.85,10.45,44412.50,46112.50,-1700.00,-3.69,17.87,20.00,-2.13,Warning,BUY,500,3.85,2026-02-12 15:30:00
HOLD-013,PORT-002,VTWAX,Vanguard Total World Stock,International Equity,Global,850.00,125.40,127.80,108630.00,106590.00,2040.00,1.91,43.70,40.00,3.70,Warning,SELL,-75,1.95,2026-02-12 15:30:00
HOLD-014,PORT-002,CASHX,Cash Equivalents,Cash,Money Market,7089.50,1.00,1.00,7089.50,7089.50,0.00,0.00,2.85,5.00,-2.15,Warning,BUY,5285,4.50,2026-02-12 15:30:00
HOLD-015,PORT-003,VTSAX,Vanguard Total Stock Market,US Equity,Total Market,450.00,178.50,185.20,83340.00,80325.00,3015.00,3.75,95.57,90.00,5.57,Warning,SELL,-28,1.35,2026-02-12 15:30:00
HOLD-016,PORT-003,VBMFX,Vanguard Total Bond Market,Bonds,Diversified,180.00,21.45,21.20,3816.00,3861.00,-45.00,-1.17,4.38,10.00,-5.62,Warning,BUY,265,3.20,2026-02-12 15:30:00
HOLD-017,PORT-003,CASHX,Cash Equivalents,Cash,Money Market,44.00,1.00,1.00,44.00,44.00,0.00,0.00,0.05,0.00,0.05,Safe,HOLD,0,4.50,2026-02-12 15:30:00
HOLD-018,PORT-004,NVDA,NVIDIA Corporation,US Equity,Technology,55.00,485.20,728.50,40067.50,26686.00,13381.50,50.14,95.18,70.00,25.18,Critical,SELL,-44,0.04,2026-02-12 15:30:00
HOLD-019,PORT-004,TSLA,Tesla Inc.,US Equity,Consumer Cyclical,12.00,245.80,198.50,2382.00,2949.60,-567.60,-19.24,5.66,10.00,-4.34,Warning,BUY,22,0.00,2026-02-12 15:30:00
HOLD-020,PORT-004,ARKK,ARK Innovation ETF,US Equity,Technology,75.00,68.40,52.30,3922.50,5130.00,-1207.50,-23.54,9.32,15.00,-5.68,Warning,BUY,98,0.00,2026-02-12 15:30:00
HOLD-021,PORT-004,CASHX,Cash Equivalents,Cash,Money Market,8500.00,1.00,1.00,8500.00,8500.00,0.00,0.00,20.19,5.00,15.19,Critical,SELL,-6375,4.50,2026-02-12 15:30:00
HOLD-022,PORT-005,VTI,Vanguard Total Stock Market ETF,US Equity,Total Market,520.00,215.30,228.50,118820.00,111956.00,6864.00,6.13,64.10,60.00,4.10,Warning,SELL,-35,1.55,2026-02-12 15:30:00
HOLD-023,PORT-005,AGG,iShares Core US Aggregate Bond,Bonds,Government,850.00,103.20,101.50,86275.00,87720.00,-1445.00,-1.65,46.55,35.00,11.55,Critical,SELL,-200,3.45,2026-02-12 15:30:00
HOLD-024,PORT-005,VNQ,Vanguard Real Estate ETF,95.00,92.50,91.20,8664.00,8787.50,-123.50,-1.41,4.68,5.00,-0.32,Safe,BUY,6,3.82,2026-02-12 15:30:00
HOLD-025,PORT-005,CASHX,Cash Equivalents,Cash,Money Market,3200.00,1.00,1.00,3200.00,3200.00,0.00,0.00,1.73,0.00,1.73,Safe,HOLD,0,4.50,2026-02-12 15:30:00
HOLD-026,PORT-006,VOO,Vanguard S&P 500 ETF,US Equity,Large Cap,145.00,415.80,445.20,64554.00,60291.00,4263.00,7.07,69.55,70.00,-0.45,Safe,HOLD,0,1.42,2026-02-12 15:30:00
HOLD-027,PORT-006,VEA,Vanguard FTSE Developed Markets,International Equity,Developed Markets,320.00,49.80,51.25,16400.00,15936.00,464.00,2.91,17.67,15.00,2.67,Warning,SELL,-24,2.45,2026-02-12 15:30:00
HOLD-028,PORT-006,BND,Vanguard Total Bond Market,Bonds,Diversified,155.00,71.50,70.25,10888.75,11082.50,-193.75,-1.75,11.73,15.00,-3.27,Warning,BUY,42,3.25,2026-02-12 15:30:00
HOLD-029,PORT-006,CASHX,Cash Equivalents,Cash,Money Market,957.25,1.00,1.00,957.25,957.25,0.00,0.00,1.03,0.00,1.03,Safe,HOLD,0,4.50,2026-02-12 15:30:00
HOLD-030,PORT-007,VUSXX,Vanguard Treasury Money Market,Cash,Treasury,10000.00,1.00,1.00,10000.00,10000.00,0.00,0.00,40.00,40.00,0.00,Safe,HOLD,0,5.10,2026-02-12 15:30:00
HOLD-031,PORT-007,VMFXX,Vanguard Federal Money Market,Cash,Government,15000.00,1.00,1.00,15000.00,15000.00,0.00,0.00,60.00,60.00,0.00,Safe,HOLD,0,4.95,2026-02-12 15:30:00
HOLD-032,PORT-008,QQQ,Invesco QQQ Trust,US Equity,Technology,1850.00,385.40,412.80,763680.00,713090.00,50590.00,7.10,61.09,50.00,11.09,Critical,SELL,-140,0.58,2026-02-12 15:30:00
HOLD-033,PORT-008,SPY,SPDR S&P 500 ETF,US Equity,Large Cap,580.00,445.20,468.50,271730.00,258216.00,13514.00,5.23,21.74,25.00,-3.26,Warning,BUY,38,1.35,2026-02-12 15:30:00
HOLD-034,PORT-008,IWM,iShares Russell 2000,US Equity,Small Cap,420.00,198.50,205.30,86226.00,83370.00,2856.00,3.43,6.90,10.00,-3.10,Warning,BUY,49,1.28,2026-02-12 15:30:00
HOLD-035,PORT-008,VEA,Vanguard FTSE Developed Markets,International Equity,Developed Markets,950.00,50.20,51.25,48687.50,47690.00,997.50,2.09,3.90,5.00,-1.10,Warning,BUY,27,2.45,2026-02-12 15:30:00
HOLD-036,PORT-008,BND,Vanguard Total Bond Market,Bonds,Diversified,475.00,71.80,70.25,33368.75,34105.00,-736.25,-2.16,2.67,5.00,-2.33,Warning,BUY,41,3.25,2026-02-12 15:30:00
HOLD-037,PORT-008,CASHX,Cash Equivalents,Cash,Money Market,45307.75,1.00,1.00,45307.75,45307.75,0.00,0.00,3.62,5.00,-1.38,Warning,BUY,1728,4.50,2026-02-12 15:30:00
HOLD-038,PORT-009,SCHD,Schwab US Dividend Equity,US Equity,Dividend,2100.00,78.50,82.30,172830.00,164850.00,7980.00,4.84,29.80,30.00,-0.20,Safe,HOLD,0,3.52,2026-02-12 15:30:00
HOLD-039,PORT-009,VYM,Vanguard High Dividend Yield,US Equity,Dividend,1350.00,102.40,105.80,142830.00,138240.00,4590.00,3.32,24.63,25.00,-0.37,Safe,HOLD,0,2.98,2026-02-12 15:30:00
HOLD-040,PORT-009,AGG,iShares Core US Aggregate Bond,Bonds,Government,1520.00,103.50,101.50,154280.00,157320.00,-3040.00,-1.93,26.60,25.00,1.60,Warning,SELL,-9,3.45,2026-02-12 15:30:00
HOLD-041,PORT-009,VNQ,Vanguard Real Estate ETF,650.00,90.20,91.20,59280.00,58630.00,650.00,1.11,10.22,10.00,0.22,Safe,HOLD,0,3.82,2026-02-12 15:30:00
HOLD-042,PORT-009,VEA,Vanguard FTSE Developed Markets,International Equity,Developed Markets,380.00,51.50,51.25,19475.00,19570.00,-95.00,-0.49,3.36,5.00,-1.64,Warning,BUY,55,2.45,2026-02-12 15:30:00
HOLD-043,PORT-009,CASHX,Cash Equivalents,Cash,Money Market,29305.00,1.00,1.00,29305.00,29305.00,0.00,0.00,5.05,5.00,0.05,Safe,HOLD,0,4.50,2026-02-12 15:30:00
HOLD-044,PORT-010,AAPL,Apple Inc.,US Equity,Technology,450.00,168.50,182.45,82102.50,75825.00,6277.50,8.28,25.26,20.00,5.26,Warning,SELL,-56,0.52,2026-02-12 15:30:00
HOLD-045,PORT-010,MSFT,Microsoft Corporation,US Equity,Technology,285.00,378.90,412.30,117505.50,107986.50,9519.00,8.81,36.16,25.00,11.16,Critical,SELL,-36,0.78,2026-02-12 15:30:00
HOLD-046,PORT-010,GOOGL,Alphabet Inc.,US Equity,Technology,420.00,142.30,145.80,61236.00,59766.00,1470.00,2.46,18.84,20.00,-1.16,Warning,BUY,12,0.00,2026-02-12 15:30:00
HOLD-047,PORT-010,NVDA,NVIDIA Corporation,US Equity,Technology,55.00,512.40,728.50,40067.50,28182.00,11885.50,42.18,12.33,15.00,-2.67,Warning,BUY,12,0.04,2026-02-12 15:30:00
HOLD-048,PORT-010,TSLA,Tesla Inc.,US Equity,Consumer Cyclical,48.00,258.30,198.50,9528.00,12398.40,-2870.40,-23.15,2.93,10.00,-7.07,Critical,BUY,73,0.00,2026-02-12 15:30:00
HOLD-049,PORT-010,AMD,Advanced Micro Devices,US Equity,Technology,125.00,142.80,165.30,20662.50,17850.00,2812.50,15.76,6.36,5.00,1.36,Warning,SELL,-4,0.00,2026-02-12 15:30:00
HOLD-050,PORT-010,CASHX,Cash Equivalents,Cash,Money Market,8000.00,1.00,1.00,8000.00,8000.00,0.00,0.00,2.46,5.00,-2.54,Warning,BUY,8275,4.50,2026-02-12 15:30:00
